{
  "model": "TF-IDF + Logistic Regression",
  "class_names": [
    "Computer Science",
    "Mathematics",
    "Physics",
    "Biology",
    "Economics"
  ],
  "config": {
    "seed": 42,
    "max_features": 50000,
    "ngram_range": [
      1,
      2
    ],
    "n_jobs": 1,
    "max_train_samples": 0,
    "max_val_samples": 0,
    "max_test_samples": 0,
    "train_size": 160410,
    "validation_size": 20051,
    "test_size": 20053
  },
  "validation": {
    "accuracy": 0.9497780659318737,
    "weighted_f1": 0.9501548070414659,
    "macro_f1": 0.8279070396347956,
    "classification_report": {
      "Computer Science": {
        "precision": 0.9296349663784822,
        "recall": 0.9386517943743938,
        "f1-score": 0.9341216216216216,
        "support": 4124.0
      },
      "Mathematics": {
        "precision": 0.895264116575592,
        "recall": 0.9293311273930512,
        "f1-score": 0.911979589470022,
        "support": 4231.0
      },
      "Physics": {
        "precision": 0.9824607791292085,
        "recall": 0.9644402145699948,
        "f1-score": 0.973367097450227,
        "support": 11558.0
      },
      "Biology": {
        "precision": 0.6057692307692307,
        "recall": 0.6923076923076923,
        "f1-score": 0.6461538461538462,
        "support": 91.0
      },
      "Economics": {
        "precision": 0.6888888888888889,
        "recall": 0.6595744680851063,
        "f1-score": 0.6739130434782609,
        "support": 47.0
      },
      "accuracy": 0.9497780659318737,
      "macro avg": {
        "precision": 0.8204035963482804,
        "recall": 0.8368610593460477,
        "f1-score": 0.8279070396347956,
        "support": 20051.0
      },
      "weighted avg": {
        "precision": 0.9507985407974346,
        "recall": 0.9497780659318737,
        "f1-score": 0.9501548070414659,
        "support": 20051.0
      }
    },
    "class_level_error_analysis": {
      "Computer Science": {
        "support": 4124,
        "correct": 3871,
        "errors": 253,
        "error_rate": 0.06134820562560621,
        "most_confused_with": "Mathematics",
        "most_confused_count": 197
      },
      "Mathematics": {
        "support": 4231,
        "correct": 3932,
        "errors": 299,
        "error_rate": 0.07066887260694871,
        "most_confused_with": "Physics",
        "most_confused_count": 149
      },
      "Physics": {
        "support": 11558,
        "correct": 11147,
        "errors": 411,
        "error_rate": 0.035559785430005195,
        "most_confused_with": "Mathematics",
        "most_confused_count": 257
      },
      "Biology": {
        "support": 91,
        "correct": 63,
        "errors": 28,
        "error_rate": 0.3076923076923077,
        "most_confused_with": "Computer Science",
        "most_confused_count": 13
      },
      "Economics": {
        "support": 47,
        "correct": 31,
        "errors": 16,
        "error_rate": 0.3404255319148936,
        "most_confused_with": "Computer Science",
        "most_confused_count": 12
      }
    }
  },
  "test": {
    "accuracy": 0.947638757293173,
    "weighted_f1": 0.9481315456115657,
    "macro_f1": 0.8134589449326679,
    "classification_report": {
      "Computer Science": {
        "precision": 0.9261744966442953,
        "recall": 0.9358198110922742,
        "f1-score": 0.9309721720274665,
        "support": 4129.0
      },
      "Mathematics": {
        "precision": 0.8919288645690835,
        "recall": 0.9263556713237036,
        "f1-score": 0.9088163549773492,
        "support": 4223.0
      },
      "Physics": {
        "precision": 0.9821822351592132,
        "recall": 0.9628188499783831,
        "f1-score": 0.9724041568421972,
        "support": 11565.0
      },
      "Biology": {
        "precision": 0.580952380952381,
        "recall": 0.6703296703296703,
        "f1-score": 0.6224489795918368,
        "support": 91.0
      },
      "Economics": {
        "precision": 0.5849056603773585,
        "recall": 0.6888888888888889,
        "f1-score": 0.6326530612244898,
        "support": 45.0
      },
      "accuracy": 0.947638757293173,
      "macro avg": {
        "precision": 0.7932287275404664,
        "recall": 0.836842578322584,
        "f1-score": 0.8134589449326679,
        "support": 20053.0
      },
      "weighted avg": {
        "precision": 0.9489310857587134,
        "recall": 0.947638757293173,
        "f1-score": 0.9481315456115657,
        "support": 20053.0
      }
    },
    "class_level_error_analysis": {
      "Computer Science": {
        "support": 4129,
        "correct": 3864,
        "errors": 265,
        "error_rate": 0.06418018890772584,
        "most_confused_with": "Mathematics",
        "most_confused_count": 207
      },
      "Mathematics": {
        "support": 4223,
        "correct": 3912,
        "errors": 311,
        "error_rate": 0.07364432867629647,
        "most_confused_with": "Physics",
        "most_confused_count": 159
      },
      "Physics": {
        "support": 11565,
        "correct": 11135,
        "errors": 430,
        "error_rate": 0.03718115002161695,
        "most_confused_with": "Mathematics",
        "most_confused_count": 263
      },
      "Biology": {
        "support": 91,
        "correct": 61,
        "errors": 30,
        "error_rate": 0.32967032967032966,
        "most_confused_with": "Computer Science",
        "most_confused_count": 20
      },
      "Economics": {
        "support": 45,
        "correct": 31,
        "errors": 14,
        "error_rate": 0.3111111111111111,
        "most_confused_with": "Computer Science",
        "most_confused_count": 11
      }
    }
  }
}